insert into user (id, name) values (1, 'arash');
insert into user (id, name) values (2, 'omid');
insert into user (id, name) values (3, 'afsane');

INSERT INTO calculation_period (id,month,year) VALUES (1,11,2015);
INSERT INTO calculation_period (id,month,year) VALUES (2,12,2015);
INSERT INTO calculation_period (id,month,year) VALUES (3,1,2016);
INSERT INTO calculation_period (id,month,year) VALUES (4,2,2016);
INSERT INTO calculation_period (id,month,year) VALUES (5,3,2016);
INSERT INTO calculation_period (id,month,year) VALUES (6,4,2016);
INSERT INTO calculation_period (id,month,year) VALUES (7,7,2016);
INSERT INTO calculation_period (id,month,year) VALUES (8,8,2016);
INSERT INTO calculation_period (id,month,year) VALUES (9,9,2016);
INSERT INTO calculation_period (id,month,year) VALUES (10,10,2016);
INSERT INTO calculation_period (id,month,year) VALUES (11,11,2016);
INSERT INTO calculation_period (id,month,year) VALUES (12,12,2016);
INSERT INTO calculation_period (id,month,year) VALUES (13,1,2017);
INSERT INTO calculation_period (id,month,year) VALUES (14,2,2017);
INSERT INTO calculation_period (id,month,year) VALUES (15,3,2017);
INSERT INTO calculation_period (id,month,year) VALUES (16,4,2017);
INSERT INTO calculation_period (id,month,year) VALUES (17,5,2017);
INSERT INTO calculation_period (id,month,year) VALUES (18,6,2017);
INSERT INTO calculation_period (id,month,year) VALUES (19,7,2017);
INSERT INTO calculation_period (id,month,year) VALUES (20,8,2017);
INSERT INTO calculation_period (id,month,year) VALUES (21,9,2017);
INSERT INTO calculation_period (id,month,year) VALUES (22,10,2017);
INSERT INTO calculation_period (id,month,year) VALUES (23,11,2017);
INSERT INTO calculation_period (id,month,year) VALUES (24,12,2017);



INSERT INTO `HaushaltDB`.`expense` (balance,sum_expense,calculation_period_id,user_id) VALUES (21.149978637695312,193.3699951171875,1,1);
INSERT INTO `HaushaltDB`.`expense` (balance,sum_expense,calculation_period_id,user_id) VALUES (-49.3900146484375,122.83000183105469,1,2);
INSERT INTO `HaushaltDB`.`expense` (balance,sum_expense,calculation_period_id,user_id) VALUES (28.239990234375,200.4600067138672,1,3);

INSERT INTO `HaushaltDB`.`expense` (balance,sum_expense,calculation_period_id,user_id) VALUES (0.0,0.0,2,1);
INSERT INTO `HaushaltDB`.`expense` (balance,sum_expense,calculation_period_id,user_id) VALUES (0.0,0.0,2,2);
INSERT INTO `HaushaltDB`.`expense` (balance,sum_expense,calculation_period_id,user_id) VALUES (0.0,0.0,2,3);


INSERT INTO `HaushaltDB`.`expense` (balance,sum_expense,calculation_period_id,user_id) VALUES (0.0,0.0,3,1);
INSERT INTO `HaushaltDB`.`expense` (balance,sum_expense,calculation_period_id,user_id) VALUES (0.0,0.0,3,2);
INSERT INTO `HaushaltDB`.`expense` (balance,sum_expense,calculation_period_id,user_id) VALUES (0.0,0.0,3,3);

INSERT INTO `HaushaltDB`.`expense` (balance,sum_expense,calculation_period_id,user_id) VALUES (0.0,0.0,4,1);
INSERT INTO `HaushaltDB`.`expense` (balance,sum_expense,calculation_period_id,user_id) VALUES (0.0,0.0,4,2);
INSERT INTO `HaushaltDB`.`expense` (balance,sum_expense,calculation_period_id,user_id) VALUES (0.0,0.0,4,3);

INSERT INTO `HaushaltDB`.`expense` (balance,sum_expense,calculation_period_id,user_id) VALUES (0.0,0.0,5,1);
INSERT INTO `HaushaltDB`.`expense` (balance,sum_expense,calculation_period_id,user_id) VALUES (0.0,0.0,5,2);
INSERT INTO `HaushaltDB`.`expense` (balance,sum_expense,calculation_period_id,user_id) VALUES (0.0,0.0,5,3);

INSERT INTO `HaushaltDB`.`expense` (balance,sum_expense,calculation_period_id,user_id) VALUES (0.0,0.0,6,1);
INSERT INTO `HaushaltDB`.`expense` (balance,sum_expense,calculation_period_id,user_id) VALUES (0.0,0.0,6,2);
INSERT INTO `HaushaltDB`.`expense` (balance,sum_expense,calculation_period_id,user_id) VALUES (0.0,0.0,6,3);


INSERT INTO `HaushaltDB`.`expense` (balance,sum_expense,calculation_period_id,user_id) VALUES (0.0,0.0,7,1);
INSERT INTO `HaushaltDB`.`expense` (balance,sum_expense,calculation_period_id,user_id) VALUES (0.0,0.0,7,2);
INSERT INTO `HaushaltDB`.`expense` (balance,sum_expense,calculation_period_id,user_id) VALUES (0.0,0.0,7,3);


INSERT INTO `HaushaltDB`.`expense` (balance,sum_expense,calculation_period_id,user_id) VALUES (0.0,0.0,8,1);
INSERT INTO `HaushaltDB`.`expense` (balance,sum_expense,calculation_period_id,user_id) VALUES (0.0,0.0,8,2);
INSERT INTO `HaushaltDB`.`expense` (balance,sum_expense,calculation_period_id,user_id) VALUES (0.0,0.0,8,3);

INSERT INTO `HaushaltDB`.`expense` (balance,sum_expense,calculation_period_id,user_id) VALUES (0.0,0.0,9,1);
INSERT INTO `HaushaltDB`.`expense` (balance,sum_expense,calculation_period_id,user_id) VALUES (0.0,0.0,9,2);
INSERT INTO `HaushaltDB`.`expense` (balance,sum_expense,calculation_period_id,user_id) VALUES (0.0,0.0,9,3);

INSERT INTO `HaushaltDB`.`expense` (balance,sum_expense,calculation_period_id,user_id) VALUES (0.0,0.0,10,1);
INSERT INTO `HaushaltDB`.`expense` (balance,sum_expense,calculation_period_id,user_id) VALUES (0.0,0.0,10,2);
INSERT INTO `HaushaltDB`.`expense` (balance,sum_expense,calculation_period_id,user_id) VALUES (0.0,0.0,10,3);
--------------------------

INSERT INTO `HaushaltDB`.`expense` (balance,sum_expense,calculation_period_id,user_id) VALUES (0.0,0.0,11,1);
INSERT INTO `HaushaltDB`.`expense` (balance,sum_expense,calculation_period_id,user_id) VALUES (0.0,0.0,11,2);
INSERT INTO `HaushaltDB`.`expense` (balance,sum_expense,calculation_period_id,user_id) VALUES (0.0,0.0,11,3);

INSERT INTO `HaushaltDB`.`expense` (balance,sum_expense,calculation_period_id,user_id) VALUES (0.0,0.0,12,1);
INSERT INTO `HaushaltDB`.`expense` (balance,sum_expense,calculation_period_id,user_id) VALUES (0.0,0.0,12,2);
INSERT INTO `HaushaltDB`.`expense` (balance,sum_expense,calculation_period_id,user_id) VALUES (0.0,0.0,12,3);

INSERT INTO `HaushaltDB`.`expense` (balance,sum_expense,calculation_period_id,user_id) VALUES (0.0,0.0,13,1);
INSERT INTO `HaushaltDB`.`expense` (balance,sum_expense,calculation_period_id,user_id) VALUES (0.0,0.0,13,2);
INSERT INTO `HaushaltDB`.`expense` (balance,sum_expense,calculation_period_id,user_id) VALUES (0.0,0.0,13,3);

INSERT INTO `HaushaltDB`.`expense` (balance,sum_expense,calculation_period_id,user_id) VALUES (0.0,0.0,14,1);
INSERT INTO `HaushaltDB`.`expense` (balance,sum_expense,calculation_period_id,user_id) VALUES (0.0,0.0,14,2);
INSERT INTO `HaushaltDB`.`expense` (balance,sum_expense,calculation_period_id,user_id) VALUES (0.0,0.0,14,3);

INSERT INTO `HaushaltDB`.`expense` (balance,sum_expense,calculation_period_id,user_id) VALUES (0.0,0.0,15,1);
INSERT INTO `HaushaltDB`.`expense` (balance,sum_expense,calculation_period_id,user_id) VALUES (0.0,0.0,15,2);
INSERT INTO `HaushaltDB`.`expense` (balance,sum_expense,calculation_period_id,user_id) VALUES (0.0,0.0,15,3);

INSERT INTO `HaushaltDB`.`expense` (balance,sum_expense,calculation_period_id,user_id) VALUES (0.0,0.0,16,1);
INSERT INTO `HaushaltDB`.`expense` (balance,sum_expense,calculation_period_id,user_id) VALUES (0.0,0.0,16,2);
INSERT INTO `HaushaltDB`.`expense` (balance,sum_expense,calculation_period_id,user_id) VALUES (0.0,0.0,16,3);

INSERT INTO `HaushaltDB`.`expense` (balance,sum_expense,calculation_period_id,user_id) VALUES (0.0,0.0,17,1);
INSERT INTO `HaushaltDB`.`expense` (balance,sum_expense,calculation_period_id,user_id) VALUES (0.0,0.0,17,2);
INSERT INTO `HaushaltDB`.`expense` (balance,sum_expense,calculation_period_id,user_id) VALUES (0.0,0.0,17,3);

INSERT INTO `HaushaltDB`.`expense` (balance,sum_expense,calculation_period_id,user_id) VALUES (0.0,0.0,18,1);
INSERT INTO `HaushaltDB`.`expense` (balance,sum_expense,calculation_period_id,user_id) VALUES (0.0,0.0,18,2);
INSERT INTO `HaushaltDB`.`expense` (balance,sum_expense,calculation_period_id,user_id) VALUES (0.0,0.0,18,3);

INSERT INTO `HaushaltDB`.`expense` (balance,sum_expense,calculation_period_id,user_id) VALUES (0.0,0.0,19,1);
INSERT INTO `HaushaltDB`.`expense` (balance,sum_expense,calculation_period_id,user_id) VALUES (0.0,0.0,19,2);
INSERT INTO `HaushaltDB`.`expense` (balance,sum_expense,calculation_period_id,user_id) VALUES (0.0,0.0,19,3);

INSERT INTO `HaushaltDB`.`expense` (balance,sum_expense,calculation_period_id,user_id) VALUES (0.0,0.0,20,1);
INSERT INTO `HaushaltDB`.`expense` (balance,sum_expense,calculation_period_id,user_id) VALUES (0.0,0.0,20,2);
INSERT INTO `HaushaltDB`.`expense` (balance,sum_expense,calculation_period_id,user_id) VALUES (0.0,0.0,20,3);

INSERT INTO `HaushaltDB`.`expense` (balance,sum_expense,calculation_period_id,user_id) VALUES (0.0,0.0,21,1);
INSERT INTO `HaushaltDB`.`expense` (balance,sum_expense,calculation_period_id,user_id) VALUES (0.0,0.0,21,2);
INSERT INTO `HaushaltDB`.`expense` (balance,sum_expense,calculation_period_id,user_id) VALUES (0.0,0.0,21,3);
----------------
INSERT INTO `HaushaltDB`.`expense` (balance,sum_expense,calculation_period_id,user_id) VALUES (0.0,0.0,22,1);
INSERT INTO `HaushaltDB`.`expense` (balance,sum_expense,calculation_period_id,user_id) VALUES (0.0,0.0,22,2);
INSERT INTO `HaushaltDB`.`expense` (balance,sum_expense,calculation_period_id,user_id) VALUES (0.0,0.0,22,3);

INSERT INTO `HaushaltDB`.`expense` (balance,sum_expense,calculation_period_id,user_id) VALUES (0.0,0.0,23,1);
INSERT INTO `HaushaltDB`.`expense` (balance,sum_expense,calculation_period_id,user_id) VALUES (0.0,0.0,23,2);
INSERT INTO `HaushaltDB`.`expense` (balance,sum_expense,calculation_period_id,user_id) VALUES (0.0,0.0,23,3);

INSERT INTO `HaushaltDB`.`expense` (balance,sum_expense,calculation_period_id,user_id) VALUES (0.0,0.0,24,1);
INSERT INTO `HaushaltDB`.`expense` (balance,sum_expense,calculation_period_id,user_id) VALUES (0.0,0.0,24,2);
INSERT INTO `HaushaltDB`.`expense` (balance,sum_expense,calculation_period_id,user_id) VALUES (0.0,0.0,24,3);

INSERT INTO `HaushaltDB`.`expense` (balance,sum_expense,calculation_period_id,user_id) VALUES (0.0,0.0,2,1);
INSERT INTO `HaushaltDB`.`expense` (balance,sum_expense,calculation_period_id,user_id) VALUES (0.0,0.0,2,2);
INSERT INTO `HaushaltDB`.`expense` (balance,sum_expense,calculation_period_id,user_id) VALUES (0.0,0.0,2,3);

